{
    "name": "regan",
    "ear_threshold": 0.3036646762814527,
    "yawn_mar_threshold": 0.12379612718342006
}